Id,SalePrice_pred
1461,116003.50833955043
1462,148174.0228993881
1463,162939.06300046525
1464,182123.52590133474
1465,193755.7758001445
1466,171214.28068726652
1467,174344.94589835661
1468,158416.26270307193
1469,208332.53516850164
1470,114765.00117065487
1471,176981.54562567643
1472,98449.9041178881
1473,91030.14377584435
1474,139674.36371507842
1475,111751.62659147618
1476,364577.5799104415
1477,252482.41790393746
1478,322579.0587057057
1479,311702.52839165775
1480,444035.4538464828
1481,317860.3555036686
1482,213974.20052081603
1483,175707.38705510343
1484,166519.6037507957
1485,198475.17681248614
1486,198455.93062582405
1487,332450.38299175195
1488,238965.3655847084
1489,191280.38428384927
1490,242051.9882227351
1491,205455.07976841947
1492,99557.05394857688
1493,217422.5524129299
1494,301695.0690448965
1495,285910.961906537
1496,232101.94501134483
1497,174840.80222732114
1498,156648.5104499028
1499,154998.84411643355
1500,151341.75627432382
1501,184373.862572438
1502,141068.51016828942
1503,266422.62595676025
1504,238562.60525017232
1505,218061.46708554198
1506,192301.35568541964
1507,244500.71496244546
1508,184010.05069933695
1509,158125.7990037983
1510,145159.92352029675
1511,139130.11511767606
1512,180076.16389566567
1513,163288.9653595797
1514,146597.73195716698
1515,196343.59991641095
1516,159378.781522542
1517,169047.79477044905
1518,121111.24190523801
1519,205346.71456681797
1520,126443.47965282173
1521,122267.60536708057
1522,188482.97039025792
1523,101388.3608247379
1524,117469.45889273417
1525,108452.63057880625
1526,103763.37458203631
1527,95790.33724510613
1528,144667.51219263047
1529,147874.71005592044
1530,216890.30579253353
1531,130223.6367753117
1532,106726.22018533363
1533,151470.2344388846
1534,125859.75976828136
1535,150086.9540913144
1536,99850.53165194331
1537,37315.75049976178
1538,159981.9146757581
1539,208299.4188091377
1540,130865.86115206378
1541,130417.46271361929
1542,144725.79620778208
1543,179069.83736444404
1544,98599.04596286065
1545,128586.20784887263
1546,137478.62882524746
1547,136461.9729353091
1548,143790.494267214
1549,117929.26383231962
1550,139689.61976952906
1551,115384.31469163168
1552,156484.891296119
1553,157653.18585360714
1554,123979.01847677561
1555,158815.71538100555
1556,75533.66522002046
1557,95353.11368013869
1558,91271.34723947488
1559,90220.89313707271
1560,133627.4092149232
1561,121153.75315858854
1562,135029.9464036419
1563,118086.69010863142
1564,143009.71507912938
1565,142992.5741940305
1566,244603.21650464137
1567,78682.86978347113
1568,231062.35335444877
1569,105128.50503193034
1570,145301.8486004033
1571,94846.70794493602
1572,143732.40541377626
1573,237693.47749260583
1574,122197.34321278511
1575,239381.23135365892
1576,229095.33966203796
1577,178178.1933257442
1578,141875.44662613477
1579,127793.50475169216
1580,187428.93369299552
1581,160359.61586383602
1582,137101.0416086638
1583,263183.69006043125
1584,229385.88373503802
1585,149894.69156806305
1586,46500.22055992743
1587,110011.39557658817
1588,164980.03107457998
1589,99674.65201944477
1590,131380.89539720796
1591,92550.67530590776
1592,124221.0151261193
1593,138774.04907282005
1594,141075.07114714192
1595,123134.97107639053
1596,233034.35853229638
1597,189174.28245456732
1598,225927.63073591673
1599,203696.96657708698
1600,175474.33122458908
1601,37658.78586487923
1602,120856.10593832989
1603,86804.32259936826
1604,288834.92287135625
1605,236845.67555357848
1606,147354.82140975367
1607,161382.64209649892
1608,214364.25453053252
1609,181955.81589989067
1610,150825.52382699575
1611,137197.79623678976
1612,191887.2777206148
1613,162445.51351112977
1614,147947.58471629754
1615,87258.28642387579
1616,71801.51656081693
1617,80473.2178225117
1618,115584.7140495567
1619,152938.2166068307
1620,153946.44102415285
1621,126766.30423283699
1622,142177.89765769968
1623,251507.5786344802
1624,203909.85198592028
1625,106255.3637805466
1626,173889.65275727524
1627,174945.32112887982
1628,284962.2042849413
1629,181453.76576920744
1630,315306.5223133006
1631,227028.06043389798
1632,228705.14417020802
1633,185628.03054108773
1634,185046.23508820558
1635,172965.57310887575
1636,154483.64266799856
1637,191964.18053187092
1638,203702.615109091
1639,186661.39966644498
1640,248628.2224194632
1641,180500.61179863356
1642,258714.04781791696
1643,227100.84661573486
1644,223745.43994042493
1645,211589.81092224884
1646,160718.84226169338
1647,156569.34305827887
1648,126455.99771753838
1649,136338.29426277723
1650,117330.07709534773
1651,117779.64109763647
1652,105168.53950978136
1653,108819.62125553942
1654,142882.11875135088
1655,125456.1391483385
1656,130484.99767671307
1657,142480.10862367728
1658,144397.95974635278
1659,115049.53004416435
1660,140095.69418557623
1661,403997.6688463951
1662,373583.7349047672
1663,368985.7193682357
1664,452142.65597766655
1665,336031.66949688573
1666,327520.88494239975
1667,361792.944257873
1668,351125.347359709
1669,320628.57180812315
1670,352307.5915963008
1671,258872.413194562
1672,387745.64019369683
1673,294856.55252579995
1674,252019.9046498827
1675,196464.0853962169
1676,196985.20786078094
1677,211263.9882397648
1678,438393.7706498092
1679,376361.56063945347
1680,331698.21862113697
1681,291066.58081938006
1682,323600.4398800386
1683,200123.94024915306
1684,181988.32187186883
1685,179821.54474510127
1686,171337.85889087603
1687,188682.2783668191
1688,194148.19819315508
1689,198917.3651341261
1690,193313.9369121747
1691,186989.2878239426
1692,271104.4118915526
1693,187881.98459474594
1694,176941.9090451588
1695,177510.34958122036
1696,263017.56296856323
1697,185988.65459837313
1698,333126.71328476205
1699,306824.42350235605
1700,269118.4621129382
1701,283041.9632696087
1702,247077.4012717094
1703,246212.26276632329
1704,259665.4199074229
1705,255907.36745344885
1706,398780.3592894318
1707,233002.03323610628
1708,202646.69718231077
1709,252753.4913498488
1710,214933.56918622943
1711,273988.9234012914
1712,250102.3962031965
1713,262410.6364514527
1714,217948.18874337059
1715,208003.81220284538
1716,184632.6267209296
1717,185995.37069078002
1718,147334.3954321153
1719,231694.63448756706
1720,235795.56505570837
1721,179556.9333595081
1722,138601.5104495291
1723,160065.2125516294
1724,210008.76373979746
1725,237471.3088367888
1726,187674.843500338
1727,143742.13344594656
1728,193357.54974942506
1729,161894.8716852667
1730,165978.34208553488
1731,129009.47356360828
1732,132099.27664374822
1733,104755.7124788868
1734,110331.27467572447
1735,139011.51104301165
1736,112888.33104484288
1737,291221.68153891765
1738,253326.2855002712
1739,270723.9174328884
1740,201812.45757111296
1741,179498.74533112635
1742,173535.17947486683
1743,179383.76253587712
1744,324460.36021860724
1745,228563.7628369261
1746,249232.62555499483
1747,212245.17675220047
1748,243555.5269590512
1749,143740.63889158535
1750,143913.02690203424
1751,240578.02246218672
1752,103661.1552225705
1753,151649.14621018534
1754,199418.08813488786
1755,150901.8676902097
1756,127119.42144268322
1757,111466.35277484708
1758,149969.1915077089
1759,168083.13195990238
1760,167610.90707147634
1761,148550.27449795627
1762,186919.54951038345
1763,204084.56880604994
1764,112579.20722049757
1765,180256.38689300916
1766,190241.4751469451
1767,212574.59669189135
1768,144926.0590905406
1769,162237.3456393755
1770,152619.72419339544
1771,124308.3114945761
1772,130212.7727820402
1773,113675.75275405201
1774,141858.77658331653
1775,141982.29604039478
1776,133755.4160947434
1777,107863.93209989005
1778,137360.59878311615
1779,123631.2408512301
1780,181480.02523691353
1781,124119.70564499206
1782,73132.49697556111
1783,137449.9077675359
1784,89493.71736893569
1785,140461.1775362568
1786,138638.3935904945
1787,175348.15350370004
1788,51338.122420918866
1789,105305.91737159522
1790,49533.265971636225
1791,207602.7351229468
1792,164954.28701571233
1793,126777.3199522921
1794,163059.37218837073
1795,125609.99381123498
1796,149875.46381782854
1797,132603.88087232056
1798,128037.69736437398
1799,105623.94990027338
1800,136619.0398429662
1801,120184.45446777603
1802,137992.47966933777
1803,165689.14398963956
1804,122638.11526315512
1805,135464.26020602114
1806,130869.78040136045
1807,152216.2217677155
1808,126410.95599433953
1809,125279.35559564551
1810,143898.25122480132
1811,94247.44649880994
1812,109286.04895968684
1813,121097.94334272158
1814,90283.49561883617
1815,36879.33387372835
1816,96690.05969437612
1817,109268.57497887281
1818,175143.50841406858
1819,138967.35353958703
1820,50167.266181641666
1821,117659.63708791311
1822,156353.71193927355
1823,39532.80175583021
1824,150550.03949767118
1825,147208.26899787836
1826,100072.82321841907
1827,103773.18099490507
1828,133466.52156839424
1829,153408.47803902806
1830,148507.64298054558
1831,152990.39329652625
1832,73038.13167156461
1833,151209.42910258588
1834,116470.6433027125
1835,123056.94833714544
1836,134017.96296784855
1837,73446.1404103192
1838,116472.52962528917
1839,105316.97693773442
1840,161814.69363846348
1841,118830.294749441
1842,86729.58443309614
1843,125228.97557990678
1844,149616.3010828048
1845,155381.4746722488
1846,149575.39330653034
1847,184894.28832057747
1848,32110.95683071771
1849,122748.91894419071
1850,116081.17452894083
1851,137702.26578899482
1852,123255.17758728811
1853,119042.43894156237
1854,164981.24284889986
1855,153466.24192174288
1856,221563.16467548534
1857,142351.8079138716
1858,162241.64257701882
1859,117858.01504996975
1860,144659.25262917075
1861,116703.99359805688
1862,310444.944051193
1863,308973.55110303604
1864,308987.4534368159
1865,353981.98509000975
1866,347921.4879691205
1867,223794.30600278283
1868,275003.44976609305
1869,203214.6717365524
1870,221189.861269088
1871,273738.54765894805
1872,180097.12944539858
1873,225414.26462901133
1874,150892.58970191338
1875,202337.97410612524
1876,195840.18833405347
1877,202045.8926783359
1878,207958.49853485296
1879,121515.65905290405
1880,138243.1957079953
1881,229630.2608285629
1882,248510.43148835498
1883,190621.93314828182
1884,203899.19193778693
1885,251793.8918223633
1886,289749.7476983875
1887,218890.19248785923
1888,252471.49167316643
1889,172290.54522255177
1890,108512.264143072
1891,150833.3495055709
1892,85692.90332016231
1893,123365.01680381686
1894,119056.35620145593
1895,132195.59757148847
1896,114401.3461278301
1897,96841.52029961417
1898,112403.46431640344
1899,163875.76917854365
1900,160328.01553810947
1901,171487.25040945396
1902,158198.13629726434
1903,227953.8036578852
1904,169788.38967935668
1905,205807.61448142643
1906,155534.89713638887
1907,213444.3140582804
1908,117639.3624083069
1909,152214.95626754593
1910,130173.43913035945
1911,237981.31566687475
1912,298539.9542580766
1913,160935.16700614197
1914,67302.01992838008
1915,326604.9578355389
1916,37058.48700140804
1917,242504.7976849919
1918,136596.2291075477
1919,159904.1824359503
1920,161182.82123550135
1921,375194.65784557664
1922,344828.8108633127
1923,218430.5160817268
1924,215803.92704590567
1925,211283.06962789735
1926,367881.9653764684
1927,127202.88713505871
1928,152279.57019772602
1929,107274.40864255803
1930,127690.72729345388
1931,130016.59195469944
1932,129411.48784339332
1933,195820.23202358728
1934,170035.6427624658
1935,166608.76208634247
1936,193984.76059110998
1937,171728.5832912094
1938,168232.03030469106
1939,258517.2739439137
1940,199960.35439878487
1941,167432.1297097038
1942,183177.45150128647
1943,228627.00801965012
1944,372441.2452905588
1945,382895.66821971495
1946,135603.82780875702
1947,336055.3128110346
1948,164712.18296879227
1949,246551.21814261965
1950,195530.92640263579
1951,233310.84153983596
1952,200464.63921626084
1953,171920.8082517622
1954,194685.23851184157
1955,124685.18607135094
1956,275299.20057890913
1957,156742.6237131884
1958,271144.103126882
1959,138283.08073589538
1960,103641.64258105643
1961,122910.29328280487
1962,91754.04308845194
1963,106681.65684387083
1964,102021.9035198439
1965,135970.0308130884
1966,134693.03030575017
1967,297022.61591111444
1968,401520.38443563465
1969,388128.8418103814
1970,399367.27903524117
1971,463033.4219051917
1972,365892.36575600336
1973,298283.8654240858
1974,345109.8993804871
1975,450361.02686469414
1976,277288.7429507879
1977,361078.4822454122
1978,358580.632353001
1979,318300.4817578749
1980,197404.35337221497
1981,339979.8983285171
1982,218173.54079041642
1983,204297.4806018983
1984,188910.87017923314
1985,237342.32726464453
1986,206870.69991748183
1987,214656.83683676377
1988,174478.91570364608
1989,197255.86861394747
1990,220454.3224081368
1991,222109.490340464
1992,220167.07866104785
1993,176827.60559991884
1994,235989.01461704753
1995,184366.88546033608
1996,289992.2025381344
1997,340727.60751690675
1998,302997.1600857221
1999,297930.1548529873
2000,324392.9071424858
2001,288174.9936833662
2002,257730.97278434449
2003,243159.18648675483
2004,273430.55270980066
2005,240815.92328634692
2006,215930.18520290134
2007,253323.09509709346
2008,216547.93154347653
2009,202977.29816739663
2010,206197.31169071293
2011,162692.43214878006
2012,185774.99554685949
2013,175121.5744884262
2014,177809.28257025947
2015,195746.30708972763
2016,192357.59342017258
2017,192105.7652975078
2018,118921.5272459971
2019,139880.55019792766
2020,98808.44994731792
2021,90066.19231084103
2022,182048.7987078714
2023,144314.96064700023
2024,298467.8756662464
2025,367959.9598113571
2026,166611.39642438493
2027,150802.88452428454
2028,159016.20151204822
2029,162294.0580375728
2030,262003.04559968974
2031,244902.5032591402
2032,270516.6190030536
2033,252717.12345954342
2034,184429.0632095496
2035,226787.98955915513
2036,200072.0899931929
2037,201266.0828009598
2038,329009.157719424
2039,232337.23109669425
2040,303831.55914940604
2041,286652.12688693
2042,212353.97844599106
2043,166375.6791258968
2044,184448.04840406546
2045,187648.89840616842
2046,135504.87987393292
2047,141779.6934651599
2048,144176.36661291478
2049,133838.34463952575
2050,171015.7923410475
2051,111714.00582160754
2052,133459.71519675807
2053,144286.83416912067
2054,73658.11057992197
2055,157236.8790695789
2056,152490.0656905296
2057,110109.60188336342
2058,206665.74389159086
2059,129957.92207663272
2060,167761.9493954716
2061,190653.61315033567
2062,122023.0284951827
2063,118474.23078052871
2064,130286.10348808033
2065,113010.6946383772
2066,172863.43736896958
2067,132262.88517288407
2068,140027.48139852253
2069,83427.03048349265
2070,107242.74304736924
2071,84911.67558990844
2072,138760.10097785504
2073,125914.37843147761
2074,154308.14288073633
2075,167531.09239787774
2076,119577.86735311999
2077,152759.7052221694
2078,121860.0380427301
2079,138025.64862803978
2080,124104.22887594262
2081,122009.74866993768
2082,140600.95793962543
2083,148826.5846175448
2084,101333.59058538827
2085,116271.18939429577
2086,139885.89303303565
2087,132963.83250142037
2088,94601.20823630318
2089,77172.9383372599
2090,131810.36219249474
2091,86178.05024496403
2092,133252.84078074584
2093,151830.3105406602
2094,115177.65589951637
2095,122221.65696105879
2096,83258.38840061383
2097,97865.41897330942
2098,154909.52788450642
2099,35283.808516270714
2100,72938.16882549677
2101,105067.76504680942
2102,143687.0948806511
2103,88078.16919364876
2104,148260.6240209693
2105,139136.2779411098
2106,21520.71207274389
2107,211222.67917400307
2108,126722.56884899433
2109,106194.8799444325
2110,123438.82537367304
2111,153613.1601836771
2112,135243.71942650978
2113,118874.63717486944
2114,123390.86044169968
2115,163230.7278649924
2116,120727.34476154589
2117,152050.08604960877
2118,120839.72742462557
2119,110178.15035762671
2120,127177.97056315925
2121,96516.79073413443
2122,104830.10850691429
2123,86174.5330895248
2124,184138.75277809607
2125,139942.23348042386
2126,155280.97162170708
2127,178146.1693301738
2128,144043.30834590286
2129,100478.69840272653
2130,135102.95454384584
2131,138209.86582885703
2132,106498.00011229266
2133,130172.40267989658
2134,115135.77884296785
2135,101155.26113588191
2136,43803.14513344881
2137,118299.58139886898
2138,136462.46526220397
2139,154072.73772383612
2140,135268.415380158
2141,178938.99530824524
2142,129077.80894197304
2143,141977.9253771292
2144,121678.79137449671
2145,148298.8892873903
2146,192796.63636517708
2147,138911.5601921691
2148,142048.32786468609
2149,145180.1624754622
2150,232209.0793416864
2151,130549.16012197686
2152,171617.51821386386
2153,190610.0865729862
2154,92927.72039884626
2155,141492.68689091608
2156,270463.832108401
2157,222045.9789811143
2158,232555.7542473217
2159,236978.57518940355
2160,186387.33599945728
2161,234980.051915505
2162,344119.76138684625
2163,343193.79914885864
2164,251252.2839449313
2165,196687.1492659978
2166,159184.68006826466
2167,225025.0165357546
2168,191097.81422394712
2169,193804.19510576126
2170,206024.06988762808
2171,163335.6343304505
2172,137852.78186342938
2173,173512.57806430868
2174,225006.60403044437
2175,260697.13502545588
2176,298164.5428784084
2177,234633.9444129419
2178,222156.83946807298
2179,144718.72781768139
2180,214773.9048652111
2181,195274.10149062693
2182,214286.0790751548
2183,191831.21432258695
2184,117234.37966183666
2185,134257.74341330177
2186,134122.91781787836
2187,151327.17077997688
2188,157774.08618246135
2189,315175.1540498417
2190,66011.82986091182
2191,64887.189488558055
2192,79115.15871044871
2193,115641.74184253698
2194,98841.32636631605
2195,76924.40527359252
2196,112241.57366540105
2197,94311.12197815941
2198,164802.30483559176
2199,176159.33646278005
2200,144631.094128756
2201,151181.78678822456
2202,195892.62318687118
2203,151737.22961504388
2204,168946.89103260325
2205,133136.30004851616
2206,159670.84825454227
2207,225064.39791665153
2208,247000.54011785873
2209,214422.62486334602
2210,116790.95497556288
2211,124611.74994992916
2212,123203.79037671341
2213,110328.09679474037
2214,154940.50781784352
2215,101113.12166972141
2216,158991.32239580684
2217,58881.268071945626
2218,88864.741980622
2219,75178.89662626962
2220,48915.59622910725
2221,327021.2340121214
2222,300361.2577517057
2223,283743.6383837727
2224,217533.33354768268
2225,122223.45462033058
2226,174926.28752400278
2227,202643.5088907232
2228,287417.1241005253
2229,238437.03358485154
2230,159845.0492607835
2231,216676.174991598
2232,181543.668105737
2233,175434.39649679896
2234,254527.6050894077
2235,229569.10196898718
2236,241506.4450185366
2237,294404.5469126493
2238,213406.19503275372
2239,123962.1394034182
2240,168242.8026455353
2241,147071.60777506413
2242,118073.87794712493
2243,125753.99608208286
2244,105304.43196317501
2245,120526.44265990975
2246,135395.51172133183
2247,119758.70220427233
2248,118856.17873559988
2249,110641.90958195693
2250,123069.33482878332
2251,110521.34579182175
2252,176893.58974015922
2253,169237.24297821475
2254,185127.46669416095
2255,186698.18322862298
2256,174344.12786074218
2257,217837.67928213096
2258,158334.9046278587
2259,167546.21887584034
2260,168097.13026243588
2261,223167.25844758353
2262,232325.9971367308
2263,362849.3570600485
2264,405250.11531707685
2265,177790.43512841917
2266,315274.6520129235
2267,350561.3832735547
2268,421058.6895831055
2269,153506.36232959392
2270,190279.64401997358
2271,204026.00555789022
2272,205908.06665934116
2273,157139.79241503408
2274,177391.71414652118
2275,153190.7665529429
2276,189397.419975725
2277,187152.9499086208
2278,155371.7552085186
2279,132053.35462661725
2280,109251.39080090358
2281,163427.71924422958
2282,167428.10329351833
2283,111537.5024901146
2284,133805.22428719577
2285,128776.13363236828
2286,120825.1533158914
2287,386000.1941850519
2288,295341.59049401386
2289,329688.78294111125
2290,421052.9820379965
2291,359416.51616992615
2292,412184.0008366191
2293,432510.9308216932
2294,401746.31143846834
2295,426128.8922372826
2296,260425.84772315618
2297,380046.6037899693
2298,371996.278963672
2299,361763.64417631726
2300,331924.2840638702
2301,330750.6344070251
2302,255336.50489764436
2303,256141.00813492062
2304,247499.3613155759
2305,203032.62239551067
2306,196410.04778920676
2307,207955.33966077818
2308,217214.02362567335
2309,306143.3637322155
2310,213299.73347100773
2311,210178.84358623662
2312,178921.76349766154
2313,175817.6345865346
2314,184028.9465183172
2315,178247.3806056249
2316,213278.71053094623
2317,183693.3036150235
2318,185302.9903525852
2319,186939.44637853064
2320,187440.420822453
2321,247689.87279521156
2322,200439.16127120558
2323,199847.39803518652
2324,196472.7011506347
2325,208731.47619340944
2326,190719.1073696251
2327,211636.74776219184
2328,218960.1414002442
2329,184283.48951405313
2330,178314.4819758167
2331,323866.9142530698
2332,411310.2362242741
2333,320218.9012853884
2334,289459.43083439994
2335,315231.94784666377
2336,307210.8539666544
2337,206952.52941171938
2338,252498.78034676833
2339,229303.64392038045
2340,376028.57489486405
2341,216404.0814195382
2342,238621.01581950806
2343,227425.2773857196
2344,230530.07985474856
2345,226579.97299507417
2346,210950.13751173177
2347,200436.5587435522
2348,240945.4959619169
2349,190524.20443040115
2350,314323.6853814239
2351,275981.4388321289
2352,251408.1635217387
2353,258477.54065801692
2354,151785.1610359364
2355,160293.5498536852
2356,166270.26099502234
2357,197032.3883122913
2358,191172.12634288505
2359,120336.91337226273
2360,119463.77210051642
2361,148926.63236054272
2362,258150.82509408888
2363,165578.25290631564
2364,178717.03300282924
2365,212783.0060906709
2366,194772.70209282366
2367,216597.14185564444
2368,215613.62929607247
2369,205071.16987369693
2370,165883.3508904807
2371,158993.72006313957
2372,196854.84535226994
2373,283722.90843258775
2374,306019.428739354
2375,254934.67703614364
2376,274077.72537969134
2377,315647.8467191251
2378,160420.62985998183
2379,226771.13901973472
2380,148067.57599677064
2381,174364.67438563885
2382,209933.03993589422
2383,199829.05593853796
2384,234434.4743891284
2385,155735.63301039895
2386,136215.93618163414
2387,132473.41870359698
2388,102137.16534344226
2389,113243.8377724489
2390,146248.7411873549
2391,137766.46056850458
2392,114161.18166822207
2393,161570.78763272753
2394,146929.2330461722
2395,215115.70959867685
2396,145751.2945769466
2397,210926.61088767124
2398,121289.93992410327
2399,57900.48767791674
2400,62043.39587776014
2401,121879.65835600087
2402,145099.20544483315
2403,134947.9352809219
2404,143588.60123807483
2405,162672.04457384656
2406,133568.87296605617
2407,129472.02842441421
2408,154815.4255647614
2409,115833.9050145681
2410,183587.1003223444
2411,111317.13649919114
2412,152762.131141848
2413,126660.05168192272
2414,161527.80353488107
2415,124089.9363329033
2416,123015.77981484945
2417,127896.71094266116
2418,132553.92213774467
2419,126290.90319365941
2420,117995.1109388866
2421,143046.55656466106
2422,99106.5881240846
2423,119160.42155476118
2424,143509.4818255997
2425,220860.3491835687
2426,121635.3099338896
2427,131821.29526191825
2428,188356.43315230377
2429,104050.36561016196
2430,138963.90041042655
2431,102931.74973593118
2432,143745.90802698967
2433,148624.30533293012
2434,141981.39957259825
2435,157327.3151283029
2436,126306.36277217139
2437,99880.60738375873
2438,110371.16304110996
2439,106790.21446768258
2440,127799.40607543246
2441,99144.4440069307
2442,95652.26785717945
2443,140024.43972283564
2444,108495.53382103342
2445,81749.50370143098
2446,134705.8570885075
2447,195986.79048170516
2448,134861.46570278495
2449,115659.33155614349
2450,150289.1657289444
2451,118714.69216241714
2452,204815.597963028
2453,98388.3932371292
2454,104353.1680847754
2455,121988.43178632311
2456,148302.89964730712
2457,127558.53733331463
2458,135874.53284764383
2459,110377.58744747491
2460,160678.22552158136
2461,145135.34198631317
2462,135841.34340982078
2463,137039.46549051476
2464,183871.6542964466
2465,136611.03619800464
2466,119398.33478952659
2467,152780.1299833543
2468,81767.04379449083
2469,75450.4903531147
2470,215061.88102962778
2471,220885.80755144864
2472,170206.52591665933
2473,112595.23727797277
2474,72461.72571350387
2475,223306.99275907606
2476,105095.35559602776
2477,106658.32128681918
2478,146965.47983265622
2479,108390.44052587042
2480,160697.19083948433
2481,132824.81457016006
2482,126300.64393547799
2483,110891.4437756287
2484,137361.05287521513
2485,134813.68477886444
2486,149687.40919129003
2487,194492.88476231828
2488,159759.06893608006
2489,155760.55561837574
2490,148240.187401855
2491,106271.5209925441
2492,193547.59270301415
2493,153300.2767696942
2494,144700.86331221083
2495,91808.15979354283
2496,226490.83463080015
2497,153151.47086277444
2498,104242.61403161971
2499,72754.45137883953
2500,104718.0318665495
2501,142019.7327573848
2502,141063.03665555362
2503,86803.18681997934
2504,175145.07730315364
2505,222291.98661000718
2506,249868.7677607318
2507,271461.6403469601
2508,246680.18940085158
2509,217945.9572466259
2510,210519.53144909831
2511,178666.18740409455
2512,226922.17393023835
2513,225730.98439328792
2514,278042.2367158893
2515,134610.58984336932
2516,169021.3408515862
2517,145790.54173655866
2518,151860.754364312
2519,234621.1843670314
2520,209981.6520860737
2521,190463.99246308443
2522,222274.7663510716
2523,108878.32893744513
2524,129966.45780289236
2525,124532.53735807353
2526,136998.8035073737
2527,121642.83372320223
2528,120202.33931170718
2529,159381.55625138088
2530,126341.21631968644
2531,254211.76753180393
2532,217922.0940471982
2533,205983.12155083698
2534,245987.03511119026
2535,273196.1558453312
2536,225178.66737377993
2537,240865.53379047452
2538,185981.03745059983
2539,193131.66836744914
2540,184928.3425379319
2541,182362.69277122294
2542,169603.52139508247
2543,126710.58188762671
2544,108672.87773030592
2545,137111.44749102174
2546,127113.53772145047
2547,146318.6591564023
2548,165082.39372454764
2549,148697.97906431774
2550,570030.3446229752
2551,155263.52248605146
2552,135123.14350261123
2553,59466.934859470784
2554,80204.64203360745
2555,95482.10838473083
2556,79467.41547942159
2557,103531.8551508938
2558,185215.1301696049
2559,134236.57741642123
2560,150342.98955848458
2561,152634.12909221862
2562,151567.9734394076
2563,151705.59395407295
2564,213079.8901655826
2565,162626.79981849427
2566,153030.73529743185
2567,131190.65901432454
2568,192321.28493094275
2569,189447.29590358498
2570,118093.89386417907
2571,186085.3828274648
2572,169851.8910050367
2573,210336.4679062573
2574,290422.1834101824
2575,139170.03616848003
2576,132779.88661282594
2577,164369.69415948982
2578,82250.49618678473
2579,23219.156145568588
2580,117048.9956773375
2581,124668.71598026982
2582,125164.43209007385
2583,274079.1300012853
2584,152180.22464666222
2585,183585.65042262335
2586,201755.11574676703
2587,188029.0871673768
2588,137028.90929718222
2589,145731.82929439045
2590,204308.43379610567
2591,248575.74303676235
2592,215937.36247795087
2593,246254.35153571152
2594,172025.30783014256
2595,222441.36224669995
2596,277261.80463691056
2597,210435.3629827319
2598,289121.04162843234
2599,366586.61623275955
2600,179435.95009709487
2601,167543.4581620504
2602,67527.61285002463
2603,96854.03065064686
2604,85352.06074687283
2605,68568.75733312692
2606,133696.29059491755
2607,228407.40163731412
2608,193892.3090462308
2609,170660.22943199295
2610,100377.32679608982
2611,122052.22204632626
2612,149711.90566046312
2613,129937.04146030666
2614,109711.66496889445
2615,156734.29012947896
2616,158887.2515961383
2617,188910.45034128055
2618,226116.986354601
2619,213192.94404944323
2620,183297.29480117623
2621,171931.40522432775
2622,182382.1205768024
2623,233758.91964744308
2624,274740.036016488
2625,273204.17953990336
2626,164911.35920855377
2627,170512.83830137437
2628,427634.97869610775
2629,487524.4612336294
2630,369810.4006648911
2631,413340.7987462531
2632,397183.3245681985
2633,304583.7437006651
2634,400797.9322808845
2635,154070.60339064212
2636,190646.70531096376
2637,213207.004967829
2638,271403.814674187
2639,185550.04782897385
2640,148915.63286151612
2641,94394.49410844232
2642,169957.2963775773
2643,117066.2598597952
2644,117266.15669256213
2645,110675.68139501894
2646,92299.58424879503
2647,109986.7906750384
2648,135391.7175399237
2649,160713.62260461805
2650,137215.95473530336
2651,131209.99745686958
2652,367692.3833644704
2653,261494.6289922757
2654,274966.2154772454
2655,399716.07867553714
2656,334855.56428354303
2657,349657.44872656703
2658,333314.8116782523
2659,348554.76187689364
2660,356662.0194816578
2661,359812.50113614695
2662,380803.58607047575
2663,268782.8017283082
2664,303213.64653224795
2665,327323.7889167453
2666,296589.12030626985
2667,179563.00930731
2668,189635.6394038742
2669,189427.26575579122
2670,279562.71205020254
2671,190992.0789749709
2672,198909.06601320443
2673,199916.85312970908
2674,198603.1562301724
2675,192319.96967375357
2676,197369.74886601983
2677,192016.65808836356
2678,251263.82104558428
2679,286907.0483736481
2680,299276.67515918944
2681,407962.55410669727
2682,323909.7299471045
2683,486788.85699638084
2684,346391.73147122737
2685,335200.6477477426
2686,249001.46941739108
2687,276047.6462940454
2688,228911.9481431516
2689,206089.90877194982
2690,354093.19493225694
2691,193504.3086224965
2692,153345.70691697605
2693,207747.6865475538
2694,157328.87070128426
2695,203168.03552694287
2696,190425.06275199945
2697,185521.53395994948
2698,201006.22527740084
2699,158712.70388267253
2700,138761.28258637336
2701,156318.2306517662
2702,130895.55741017874
2703,144717.35344596513
2704,133595.83227359294
2705,108644.07743188947
2706,110686.940191835
2707,135498.7724789175
2708,117252.04861898358
2709,109896.37987978382
2710,128431.05402996903
2711,287190.13103392185
2712,388534.56704107515
2713,164435.96183729294
2714,146019.6731108218
2715,164088.370495405
2716,142801.1099524766
2717,196981.4086628528
2718,221252.69811367066
2719,140352.0623439498
2720,191382.7969857835
2721,135004.94114590372
2722,174690.09290109863
2723,156107.77535377373
2724,133783.34104547184
2725,122696.72310858779
2726,137955.25864175073
2727,168222.61682257903
2728,183635.27836092273
2729,142278.2434712675
2730,146189.9469127165
2731,132001.7797903807
2732,137431.20840263824
2733,157603.63326417864
2734,162039.0963260353
2735,131339.4386518636
2736,132225.47062949947
2737,106850.72930093185
2738,122221.58891204032
2739,143457.41486023896
2740,143055.99038641978
2741,151530.8769425413
2742,169216.35256638066
2743,157994.2894229896
2744,163725.0031830051
2745,146559.69643088337
2746,122708.58315084921
2747,170856.4323568771
2748,117003.7336062958
2749,129331.3947479834
2750,112198.54342078732
2751,130243.766252436
2752,213448.77943914145
2753,134533.7719352548
2754,226154.19546994395
2755,138161.40112000034
2756,78361.28123279384
2757,70049.27773487146
2758,69755.36371632494
2759,157247.05994101235
2760,129833.02357414507
2761,133261.51875494837
2762,132183.9274703368
2763,192676.40866340313
2764,174774.63337708736
2765,272031.7242348345
2766,115385.68051208658
2767,76664.75526692497
2768,118618.54996090312
2769,132286.25141419334
2770,157023.40697110654
2771,102667.32826944347
2772,105120.82699874647
2773,176478.72753665785
2774,150643.7998029706
2775,115789.43204370012
2776,142020.16389803612
2777,156700.72481873017
2778,123081.79212915967
2779,125356.1886347507
2780,97245.46786291584
2781,87803.75668418103
2782,95005.94020757207
2783,86686.79625662601
2784,124192.6660842435
2785,149073.13605218066
2786,52220.574444866535
2787,123999.81470775219
2788,60228.24062669385
2789,181662.45185517936
2790,79681.81571574073
2791,113554.33807005432
2792,55531.847241046344
2793,154714.6986270856
2794,95139.97086699601
2795,129522.58729688093
2796,91333.42572671283
2797,231218.29995973705
2798,121175.29597557825
2799,109649.74032057529
2800,74095.00116009757
2801,107689.57077834959
2802,135583.85441327168
2803,171770.09767717583
2804,141556.64919072855
2805,109271.9959855762
2806,78272.4629725944
2807,163167.79795918174
2808,151331.13397713343
2809,115469.8629346011
2810,128744.48762975875
2811,174709.16780784202
2812,185067.09671683336
2813,153562.03605424878
2814,147644.4346958465
2815,108304.66740264966
2816,210520.03074951796
2817,149760.84120294568
2818,130487.86684853616
2819,191671.94141246832
2820,130850.46408352825
2821,111212.94361772874
2822,191890.7377495712
2823,314161.0363958044
2824,162813.91194968
2825,172018.43634379367
2826,131533.23010635757
2827,136796.316588329
2828,247704.22134963697
2829,209823.29927561723
2830,215871.67100066057
2831,180521.86022971867
2832,221009.14484245313
2833,316190.7343968326
2834,235845.1848309454
2835,235202.36414380663
2836,202380.84668685662
2837,161846.49683088742
2838,145688.76212713524
2839,179472.3062469675
2840,193417.7080553126
2841,196139.30970920375
2842,224175.72680058607
2843,151026.1108562941
2844,165251.36891385657
2845,126397.25095079067
2846,205726.3420882437
2847,203643.47782227572
2848,199283.24142474777
2849,206025.52486483537
2850,276395.079658277
2851,224726.79206208338
2852,224895.2893561691
2853,234392.01937069334
2854,150859.28134560242
2855,197611.931516367
2856,204660.056804634
2857,195229.72482887685
2858,209128.89004373606
2859,86138.61786834049
2860,119317.48065875832
2861,131080.8996089419
2862,196911.2331604873
2863,139815.21388388664
2864,260314.3614143142
2865,158209.30604456388
2866,150726.92158300997
2867,93496.04364607847
2868,92695.50012540547
2869,105844.65958195899
2870,113885.92597692453
2871,74321.62194685453
2872,14470.908780194935
2873,82389.58342399166
2874,142375.20794863178
2875,118157.37526924224
2876,175303.2760592459
2877,143216.2633801262
2878,170445.35523241022
2879,118427.25141422657
2880,99516.15335938921
2881,132111.77482111845
2882,174803.98207661862
2883,191476.73887767876
2884,208106.3844337888
2885,187579.57980452906
2886,235445.19705410855
2887,124423.3255278902
2888,139345.85608068935
2889,50301.21176182272
2890,75947.9866076395
2891,152234.74908267485
2892,51496.673634814186
2893,92186.06926742622
2894,44831.71276322394
2895,342230.1517013233
2896,289811.1605501706
2897,212375.06999863815
2898,148602.2612881248
2899,225243.51855162604
2900,156645.52937586542
2901,213842.88608059232
2902,189509.22904437387
2903,297948.45523582405
2904,339216.0980215953
2905,81734.1343481763
2906,211256.45188897924
2907,118366.05021355531
2908,122459.5098600558
2909,137861.87078572589
2910,68719.23762665835
2911,68988.78146807509
2912,161607.31798344222
2913,68015.67335947647
2914,71311.2342756171
2915,82696.99814363396
2916,73113.15910431216
2917,169545.23157150368
2918,101521.26881732301
2919,226587.91045894992
